Postcode Area,Local Authority
KT7,Surrey Downs
KT8,Surrey Downs
KT10,Surrey Downs
KT11,Surrey Downs
KT12,North West Surrey
KT17,Surrey Downs
KT18,Surrey Downs
KT19,Surrey Downs
KT20,Surrey Downs
KT21,Surrey Downs
KT22,Surrey Downs
KT23,Surrey Downs
KT24,Surrey Downs
RH4,Surrey Downs
RH5,Surrey Downs
SM2,Surrey Downs
SM7,Surrey Downs
TW15,North West Surrey
TW16,North West Surrey
TW17,North West Surrey
TW18,North West Surrey
TW19,North West Surrey
TW20,North West Surrey
KT4,Worcester Park
KT6,Surrey Downs
